A,determinant,B
brin,d',herbe
minute,d',attente
goutte,d',eau
grain,de,riz
tranche,de,pain
litre,de,lait
gramme,de,sel
mètre,de,tissu
heure,de,travail
pincée,de,sel
poignée,de,sable
verre,de,vin
tasse,de,café
bol,de,soupe
assiette,de,riz
cuillère,de,miel
kilo,de,sucre
tonne,de,fret
paquet,de,pâtes
sac,de,farine
boîte,d',haricots
bouteille,d',eau
canette,de,bière
barrique,de,vin
tonneau,de,rhum
fût,de,bière
caisse,de,pommes
panier,de,fruits
botte,de,poireaux
bouquet,de,fleurs
gerbe,de,blé
meule,de,foin
tas,de,pierres
pile,de,livres
rangée,de,sièges
colonne,de,chiffres
nuage,de,lait
bouffée,d',air
once,d',or
dose,de,vaccin
parcelle,de,terre
gorgée,de,bière
bouchée,de,viande
miette,de,biscuit
lamelle,de,champignon
copeau,de,bois
rondelle,de,saucisson
quartier,de,pomme
zeste,d',orange
pépite,d',argent
lingot,d',acier
barre,de,chocolat
plaque,de,verre
feuille,de,papier
rame,de,feuilles
carnet,de,chèques
liasse,de,papiers
rouleau,d',adhésif
bobine,de,fil
pelote,de,coton
mètre,de,ruban
morceau,de,sucre
averse,de,grêle
flocon,de,neige
grêlon,de,glace
hectare,de,maïs
arpent,de,bois
lot,d',actions
mètre,de,neige
degré,de,chaleur
seconde,d',arc
mille,de,distance
nœud,de,vent
volt,d',électricité
watt,de,puissance
joule,de,travail
pas,de,danse
saut,d',hauteur
battement,d',ailes
souffle,de,vent
jour,de,pluie
mois,de,janvier
année,de,guerre
siècle,d',histoire
millénaire,d',existence
période,d',essai
série,de,chiffres
massif,de,fleurs
banc,de,sable
essaim,de,frelons
troupeau,de,boeufs
meute,de,chiens
volée,de,moineaux
nuée,d',oiseaux
colonie,de,pingouins
flotte,de,pêcheurs
escadrille,d',avions
convoi,d',aide
flot,de,paroles
torrent,d',eau
cascade,de,glace
rivière,de,vin
mer,de,glace
mine,de,charbon
montagne,de,linges
îlot,de,verdure
cercle,d',amis
groupe,de,mots
bloc,de,granit
brique,de,verre
tuile,d',ardoise
poutre,de,chêne
planche,de,bois
latte,de,sommier
panneau,de,contreplaqué
carreau,de,chocolat
pavé,de,saumon
rocher,de,coco
bloc,de,béton
morceau,de,fromage
carré,de,tissu
barre,de,fer
paquet,de,cigarettes
sac,de,ciment
boîte,d',outils
plateau,de,fruits
panier,de,crabes
corbeille,d',osier
carafe,de,cristal
pichet,de,bière
demi,de,rouge
flûte,de,champagne
boule,de,neige
pelote,de,ficelle
bobine,de,cuivre
rouleau,de,moquette
feuille,d',alu
plaque,de,cuivre
billet,de,cinéma
pièce,d',or
jeton,de,présence
bon,de,livraison
chèque,de,caution
page,de,garde
chapitre,d',introduction
volume,de,gaz
tome,d',encyclopédie
vers,de,poésie
strophe,de,poème
mesure,de,musique
note,de,musique
accord,de,guitare
solo,de,piano
médaille,de,bronze
prix,de,gros
grade,de,capitaine
surnom,de,guerre
mot,d',esprit
phrase,d',explication
discours,d',adieu
récit,d',aventure
conte,de,fées
fable,de,fontaine
roman,d',époque
nouvelle,d',espoir
série,de,fiction
article,de,loi
enquête,d',opinion
règle,de,grammaire
concept,de,philosophie
idée,de,genie
système,de,défense
art,de,vivre
mode,de,vie
style,de,musique
genre,de,beauté
espèce,d',oiseau
race,de,chien
variété,de,plante
famille,de,mots
classe,d',actifs
sens,d',humour
voie,d',accès
itinéraire,de,voyage
trajet,de,car
vol,d',oiseau
traversée,de,désert
croisière,de,luxe
séjour,de,ski
vacances,d',été
don,d',organe
héritage,de,passé
souvenir,d',enfance
kilo,de,riz
gramme,de,farine
litre,d',huile
mètre,de,corde
tonne,d',acier
paquet,de,pâtes
sac,de,ciment
boîte,de,petits-pois
bouteille,de,vin
canette,de,soda
barrique,de,cidre
tonneau,de,rhum
fût,de,bière
caisse,de,légumes
panier,de,fraises
botte,de,carottes
bouquet,de,violettes
gerbe,d',étincelles
meule,de,comté
tas,de,sable
pile,de,journaux
rangée,d',arbres
colonne,de,marbre
nuage,de,soufre
bouffée,de,chaleur
once,de,patience
dose,d',insuline
gorgée,de,soupe
bouchée,de,pain
lamelle,d',oignon
copeau,de,bois
rondelle,de,citron
quartier,de,pamplemousse
zeste,de,citron
pépite,de,cuivre
lingot,de,plomb
plaque,de,marbre
rame,de,papier
carnet,de,notes
liasse,de,billets
rouleau,de,film
bobine,de,soie
pelote,de,laine
mètre,de,ruban
morceau,de,fromage
vague,de,chaleur
pic,de,forme
rafale,de,neige
averse,de,grêle
flocon,d',avoine
grêlon,de,glace
rayon,de,soleil
parcelle,de,terrain
hectare,de,forêt
arpent,de,vigne
lot,de,terres
étage,de,bureau
mètre,d',altitude
degré,d',angle
seconde,d',arc
mille,de,distance
nœud,de,vitesse
volt,de,tension
watt,de,puissance
joule,d',énergie
pas,de,course
saut,de,puce
battement,de,cœur
souffle,de,vie
jour,de,conge
mois,de,travail
année,d',apprentissage
millénaire,de,civilisation
phase,de,sommeil
saison,d',hiver
semaine,de,congés
série,de,victoires
chaîne,de,montagnes
massif,de,corail
banc,de,poissons
essaim,de,guêpes
troupeau,de,chèvres
meute,de,loups
volée,de,moineaux
nuée,de,sauterelles
colonie,de,fourmis
armée,de,soldats
flotte,de,navires
escadrille,d',aviateurs
convoi,d',aide
train,de,marchandises
flot,de,paroles
torrent,de,boue
cascade,d',eau
rivière,de,diamants
mer,de,nuages
océan,de,possibilités
forêt,de,piliers
champ,de,bataille
mine,de,charbon
puits,de,science
montagne,de,dettes
vallée,de,larmes
plaine,de,jeux
désert,de,sel
îlot,de,verdure
oasis,de,paix
pôle,d',attraction
cercle,d',amis
groupe,de,chercheurs
équipe,de,sport
club,de,gym
fédération,de,syndicats
bloc,de,béton
brique,de,terre
tuile,de,toit
poutre,de,bois
planche,de,sapin
latte,de,parquet
panneau,d',affichage
vitre,de,verre
carreau,de,ciment
pavé,de,rue
pierre,de,taille
rocher,de,granit
bloc,de,glace
morceau,de,sucre
carré,de,chocolat
tablette,de,chocolat
barre,de,céréales
paquet,de,biscuits
sac,de,bonbons
boîte,de,chocolats
plateau,de,fromages
panier,de,fruits
corbeille,de,pain
carafe,d',eau
pichet,de,vin
demi,de,bière
flûte,de,champagne
coupe,de,glace
boule,de,neige
pelote,de,fil
bobine,de,cuivre
rouleau,de,papier
feuille,d',acier
plaque,de,métal
billet,de,banque
pièce,de,monnaie
jeton,de,présence
dossier,d',inscription
page,d',écriture
chapitre,de,livre
volume,d',encyclopédie
tome,de,roman
vers,de,poésie
strophe,de,chant
mesure,de,musique
note,de,musique
accord,de,guitare
solo,de,trompette
concert,de,violon
pièce,de,théâtre
scène,de,ménage
acte,de,naissance
permis,de,conduire
titre,de,séjour
grade,de,colonel
rang,d',aristocratie
nom,de,famille
prénom,d',enfant
mot,d',esprit
phrase,d',explication
roman,d',aventure
série,de,télévision
article,de,journal
enquête,de,police
loi,de,nature
règle,de,jeu
norme,de,sécurité
principe,de,précaution
système,de,pensée
méthode,de,travail
technique,de,combat
genre,de,musique
espèce,d',animal
race,de,chien
variété,de,plante
famille,de,mots
classe,d',actifs
direction,de,marche
voie,d',accès
route,de,soie
plan,d',action
programme,de,vol
itinéraire,de,voyage
trajet,de,bus
vol,de,nuit
traversée,de,désert
séjour,de,ski
mariage,de,raison
baptême,de,feu
legs,de,fortune
héritage,de,passé
souvenir,d',enfance
pincée,d',ironie
grain,de,folie
pointe,d',amertume
nuance,de,gris
flux,de,paroles
débit,de,boisson
courant,d',air
souffle,d',espoir
élan,de,générosité
mouvement,de,foule
geste,de,colère
regard,de,défi
cri,de,douleur
appel,de,secours
chant,d',oiseau
vol,d',aigle
saut,d',hauteur
course,de,fond
match,de,boxe
partie,d',échecs
jeu,de,cartes
tour,de,magie
numéro,de,clown
festival,de,cinéma
salon,d',auto
marché,de,noël
vente,de,charité
enchère,d',art
lot,d',objets
collection,de,timbres
album,de,photos
galerie,d',art
musée,de,louvre
front,de,mer
bord,d',eau
rive,de,lac
plage,de,sable
falaise,de,craie
sommet,de,montagne
col,de,montagne
vallée,de,rhône
gorges,de,verdon
bois,de,boulogne
jardin,de,plantes
parc,d',attractions
place,d',étoile
rue,de,paix
avenue,d',opéra
boulevard,de,crime
pont,d',arts
quai,de,gare
aéroport,de,paris
port,de,marseille
pays,de,galles
état,de,siège
royaume,de,belgique
empire,d',orient
monde,de,demain
univers,de,science
cosmos,d',étoiles
système,de,solaire
planète,de,singes
terre,d',asile
sol,d',argile
roche,de,calcaire
minerai,de,fer
métal,d',argent
gaz,de,ville
liquide,de,frein
solide,de,cristal
matière,de,plastique
tissu,de,soie
fibre,de,carbone
fil,de,fer
corde,de,chanvre
chaîne,de,vélo
ressort,de,montre
rouage,d',horloge
moteur,d',avion
batterie,d',auto
ampoule,de,verre
pile,de,pont
câble,d',antenne
onde,de,choc
rayon,de,lune
chaleur,d',été
froid,de,canard
vent,de,sud
pluie,d',orage
neige,de,poudreuse
grêle,d',hiver
foudre,de,ciel
tonnerre,de,brest
nuage,de,lait
brouillard,de,mer
rosée,de,matin
givre,de,nuit
glace,de,banquise
eau,de,source
source,d',énergie
énergie,d',espoir
force,de,nature
sol,de,vigne
vin,de,table
table,de,loi
loi,de,marché
marché,d',actions
action,de,grâce
grâce,de,dieu
dieu,d',amour
amour,de,prochain
prochain,de,voisin
voisin,de,palier
palier,de,décompression
décompression,de,gaz
gaz,d',échappement
échappement,de,vapeur
vapeur,d',eau
eau,de,vie
vie,de,quartier
quartier,de,lune
lune,de,miel
miel,d',abeille
abeille,de,ruche
ruche,d',activité
activité,de,service
service,d',ordre
ordre,de,mérite
mérite,de,travail
travail,de,force
force,de,âme
âme,d',artiste
artiste,de,peintre
peintre,de,marine
marine,de,guerre
guerre,d',étoiles
étoile,de,mer
mer,de,glace
glace,de,vanille
vanille,de,îles
île,de,france
france,de,demain
demain,d',espoir
espoir,de,paix
paix,d',esprit
esprit,de,corps
corps,d',armée
armée,d',air
air,de,famille
famille,d',accueil
accueil,de,loisirs
loisirs,de,créatifs
créatifs,d',agence
agence,de,voyage
voyage,de,noce
noce,d',argent
argent,de,poche
poche,de,sang
sang,de,bourgeois
bourgeois,de,paris
paris,de,nuit
nuit,de,noël
noël,d',enfants
enfant,de,choeur
choeur,d',église
église,de,village
village,de,pêcheurs
pêcheur,de,perles
perle,de,culture
culture,de,maïs
maïs,de,soufflé
soufflé,de,fromage
fromage,de,chèvre
chèvre,de,monsieur
monsieur,de,ville
ville,de,province
province,de,québec
québec,de,nord
nord,d',italie
italie,de,sud
sud,d',ouest
ouest,de,france
france,de,bas
bas,de,soie
soie,de,porc
porc,de,lait
lait,de,beurre
beurre,d',escargot
escargot,de,bourgogne
bourgogne,de,rouge
rouge,de,lèvres
lèvre,d',abîme
abîme,de,douleur
douleur,de,dos
dos,de,âne
âne,de,provence
provence,d',alpes
alpes,de,maritimes
maritime,de,pêche
pêche,de,ligne
ligne,de,vie
vie,de,famille
famille,de,mots
mot,d',ordre
ordre,de,priorité
priorité,d',accès
accès,de,colère
colère,de,peuple
peuple,de,france
france,de,bas
bas,de,laine
laine,de,verre
verre,de,cristal
cristal,de,roche
roche,de,calcaires
calcaire,de,sol
sol,de,terre
terre,de,promise
promesse,de,don
don,de,sang
sang,de,veine
veine,de,charbon
charbon,de,bois
bois,de,chauffage
chauffage,d',appoint
appoint,de,fonds
fonds,de,commerce
commerce,de,proximité
proximité,de,services
service,de,table
table,de,mixage
mixage,de,son
son,de,cloche
cloche,de,verre
verre,d',eau
eau,de,source
source,de,conflit
conflit,d',intérêts
intérêt,d',emprunt
emprunt,d',état
état,de,grâce
grâce,de,matinée
matinée,de,dimanche
dimanche,de,pâques
pâques,d',enfants
enfant,de,troupe
troupe,de,théâtre
théâtre,d',ombres
ombre,de,doute
doute,de,soi
soi,de,disant
disant,de,rien
rien,de,neuf
neuf,de,cœur
cœur,de,lion
lion,de,mer
mer,de,sable
sable,de,mouvants
mouvant,d',esprit
esprit,de,critique
critique,de,cinéma
cinéma,de,quartier
quartier,d',affaires
affaire,de,famille
famille,de,nobles
noble,de,sang
sang,de,veine
veine,de,charbon
montre,de,bracelet
bracelet,de,force
force,de,travail
travail,de,nuit
brin,de,paille
lamelle,de,truffe
poignée,de,main
sac,de,voyage
boîte,de,vitesses
litre,de,bière
gramme,de,poudre
mètre,d',étoffe
heure,de,sommeil
pincée,d',herbes
poignée,de,riz
verre,d',eau
tasse,de,thé
bol,de,lait
assiette,de,pâtes
cuillère,de,sucre
kilo,de,viande
tonne,de,grain
paquet,de,tabac
sac,de,charbon
boîte,de,bijoux
bouteille,d',huile
canette,de,jus
barrique,de,rhum
tonneau,de,vin
fût,de,chêne
caisse,de,munitions
panier,de,provision
botte,d',asperges
bouquet,de,romarin
gerbe,de,fleurs
meule,de,gruyère
tas,de,fumier
pile,de,draps
rangée,de,vignes
colonne,de,fumée
nuage,de,poussière
bouffée,de,tabac
trait,de,pinceau
once,de,platine
dose,de,curare
parcelle,d',énergie
soupçon,de,poison
nuance,de,ton
touche,de,couleur
gorgée,de,vin
bouchée,de,gateau
miette,de,connaissance
lamelle,de,bois
copeau,de,métal
rondelle,de,courgette
quartier,de,ville
zeste,de,pamplemousse
pépite,de,diamant
lingot,d',or
barre,d',acier
plaque,de,cuivre
feuille,de,platane
rame,de,papier
carnet,de,tickets
liasse,de,factures
rouleau,de,papier-peint
bobine,de,coton
pelote,de,laine
mètre,de,fil
bout,de,gomme
morceau,d',ardoise
éclat,de,verre
vague,d',espoir
pic,de,température
rafale,de,vent
averse,de,neige
flocon,de,laine
grêlon,de,pierre
rayon,d',espoir
trait,d',esprit
ombre,de,nuage
parole,d',évangile
cri,de,guerre
signe,de,vie
geste,d',amitié
preuve,d',innocence
acte,de,foi
parcelle,de,jardin
hectare,de,blé
arpent,de,terre
lot,de,marchandise
quartier,de,clémentine
pâté,de,campagne
étage,de,fusée
mètre,de,profondeur
degré,d',alcool
seconde,de,temps
mille,de,mer
nœud,de,cravate
volt,de,tension
watt,d',énergie
joule,de,puissance
pas,de,loup
saut,de,puce
battement,de,paupière
souffle,d',air
jour,de,fête
mois,de,mai
année,d',étude
siècle,de,lumières
millénaire,d',histoire
phase,de,lune
cycle,de,vie
saison,d',automne
semaine,de,travail
instant,de,vérité
moment,d',extase
période,de,repos
série,de,preuves
chaîne,de,vélo
massif,de,corail
banc,de,thons
essaim,d',abeilles
troupeau,de,moutons
meute,de,chiens
volée,de,cloches
nuée,de,sauterelles
colonie,de,vacances
foule,de,gens
peuple,de,croyants
armée,de,réserve
flotte,de,navires
escadrille,d',avions
convoi,de,camions
train,de,marchandises
flot,de,sang
torrent,de,lave
cascade,de,fleurs
rivière,de,perles
mer,de,nuages
océan,d',étoiles
forêt,de,symboles
champ,de,mines
mine,d',or
source,de,conflit
puits,de,pétrole
trésor,d',église
montagne,de,neiges
vallée,de,pleurs
plaine,de,jeux
désert,de,sable
îlot,de,paix
oasis,de,verdure
pôle,d',attraction
sphère,de,cristal
cercle,de,fer
groupe,d',élèves
équipe,de,travail
club,d',échecs
fédération,de,chasse
union,de,coopératives
bloc,de,glace
brique,de,lait
tuile,de,toit
poutre,de,bois
planche,de,salut
latte,de,bois
panneau,de,pont
vitre,d',auto
carreau,de,sucre
pavé,de,saumon
pierre,d',angle
rocher,de,sucre
carré,de,soie
tablette,de,chocolat
barre,de,céréales
paquet,de,biscuits
sac,de,bonbons
boîte,de,chocolats
plateau,de,fromages
panier,de,fruits
corbeille,de,pain
carafe,d',eau
pichet,de,vin
demi,de,bière
flûte,de,champagne
coupe,de,glace
boule,de,billard
pelote,de,fil
bobine,de,cuivre
rouleau,de,scotch
feuille,de,route
plaque,de,cuisson
étiquette,de,vin
timbre,de,voix
billet,de,train
pièce,de,théâtre
jeton,de,casinos
bon,de,sortie
chèque,de,banque
contrat,de,vente
dossier,de,presse
page,de,garde
chapitre,de,fin
volume,d',air
tome,d',histoire
vers,de,terre
strophe,de,chant
mesure,de,temps
note,de,frais
accord,de,paix
solo,de,batterie
concert,d',orgue
pièce,de,monnaie
acte,de,décès
arrêt,de,bus
permis,de,construire
titre,de,propriété
diplôme,de,médecin
médaille,d',argent
prix,de,gros
brevet,de,pilote
licence,de,vol
grade,d',officier
rang,d',oignon
titre,de,gloire
nom,de,code
prénom,de,fille
surnom,de,guerre
mot,de,passe
phrase,de,choc
discours,d',investiture
récit,d',aventure
conte,de,noël
légende,de,ville
mythe,de,fondation
fable,de,fontaine
roman,d',amour
nouvelle,d',année
film,d',horreur
série,d',été
émission,de,télé
article,de,loi
reportage,de,voyage
enquête,de,fond
procès,d',assises
jugement,de,dernier
loi,de,murphy
règle,d',art
norme,de,groupe
principe,de,réalité
concept,de,base
idée,de,génie
théorie,de,complot
système,d',alarme
méthode,de,calcul
technique,de,vente
art,de,guerre
mode,d',emploi
style,de,vie
genre,de,beauté
type,d',appareil
espèce,d',oiseau
race,de,chat
variété,de,raisin
famille,d',accueil
groupe,de,pression
classe,de,mer
ordre,de,mission
sens,d',humour
direction,de,course
voie,d',eau
chemin,de,croix
route,de,campagne
ligne,de,front
plan,de,vol
programme,d',action
itinéraire,de,bis
trajet,de,train
vol,de,nuit
traversée,de,mer
croisière,de,rêve
séjour,de,noce
vacances,d',hiver
fête,de,pâques
mariage,d',amour
baptême,d',air
deuil,de,veuve
enterrement,de,classe
messe,de,minuit
culte,d',image
prière,d',ange
pèlerinage,de,paix
sacrifice,de,soi
offrande,de,corps
don,de,sang
legs,de,bien
héritage,de,fils
souvenir,de,vacances
image,de,fond
reflet,de,miroir
ombre,de,main
écho,de,voix
murmure,de,fontaine
bruit,de,moteur
son,de,vent
musique,de,fond
parfum,d',homme
odeur,d',essence
saveur,de,menthe
goût,de,noisette
touche,de,couleur
pincée,de,sel
grain,de,beauté
brin,de,causette
pointe,d',humour
nuance,de,bleu
ton,de,peur
rythme,de,jazz
cadence,de,travail
allure,de,dandy
vitesse,de,son
flux,de,trésorerie
débit,d',eau
courant,d',air
souffle,de,vent
élan,de,coeur
mouvement,d',horloge
geste,d',amour
regard,de,braise
sourire,d',enfant
rire,de,fou
larme,de,sang
sanglot,de,bébé
cri,de,joie
appel,de,fond
chant,de,coq
vol,d',oiseau
saut,d',ange
course,de,fond
match,de,foot
partie,de,pêche
jeu,de,société
tour,de,main
numéro,de,magie
spectacle,de,rue
concert,de,piano
festival,de,jazz
salon,de,thé
foire,de,lyon
marché,de,gros
vente,d',enchères
enchère,d',art
lot,de,terrain
collection,de,voitures
album,de,musique
galerie,d',art
musée,d',histoire
théâtre,de,verdure
champ,de,bataille
front,de,mer
bord,de,route
rive,de,mer
plage,de,sable
falaise,de,granit
sommet,de,montagne
col,de,veste
vallée,de,mort
gorges,de,montagne
forêt,de,pins
bois,de,bouleau
jardin,de,ville
parc,d',auto
place,de,village
rue,de,bas
avenue,de,nord
boulevard,de,sud
pont,de,bateau
quai,de,gare
gare,de,nord
aéroport,d',est
port,d',ouest
ville,de,sud
pays,d',est
état,de,siège
royaume,d',est
empire,d',ouest
monde,de,demain
univers,d',ombre
cosmos,de,nuit
système,de,frein
planète,de,singe
terre,de,feu
sol,de,terre
roche,de,craie
minerai,d',or
métal,de,base
gaz,de,ville
liquide,de,frein
solide,de,base
matière,de,base
tissu,de,soie
fibre,de,bois
fil,de,fer
corde,de,piano
chaîne,de,vélo
ressort,d',acier
rouage,de,vie
moteur,de,vie
batterie,de,cuisine
ampoule,de,verre
pile,de,livres
câble,d',acier
onde,de,mer
rayon,de,lune
chaleur,d',été
froid,de,mort
vent,de,face
pluie,d',été
neige,d',été
grêle,d',été
foudre,de,guerre
tonnerre,de,fond
nuage,de,nuit
brouillard,de,ville
rosée,de,soir
givre,de,matin
glace,d',eau
eau,de,mer
source,de,joie
énergie,de,base
force,de,âme
nature,de,base
sol,de,base
vin,de,messe
table,de,loi
loi,de,base
marché,de,base
action,de,base
grâce,de,dieu
dieu,de,nuit
amour,de,nuit